epoch,loss,val_loss
0,3.3273801803588867,3.213641881942749
1,3.2126424312591553,3.191105842590332
2,3.2026283740997314,3.183894157409668
3,3.191042184829712,3.150991678237915
