epoch,loss,val_loss
0,3.1491823196411133,3.004657506942749
