epoch,loss,val_loss
0,2.7346231937408447,2.620492696762085
1,2.4822895526885986,2.383413553237915
2,2.3247318267822266,2.288461446762085
