epoch,loss,val_loss
0,2.568044900894165,2.325871467590332
