epoch,loss,val_loss
0,2.5515592098236084,2.341646671295166
