epoch,loss,val_loss
0,2.5321106910705566,2.31640625
1,2.276632070541382,2.219050407409668
2,2.1985483169555664,2.155949592590332
3,2.14717960357666,2.16796875
4,2.1194303035736084,2.101487398147583
5,2.0921692848205566,2.086538553237915
