epoch,loss,val_loss
0,2.5761547088623047,2.3527019023895264
1,2.288942575454712,2.2140300273895264
